,Height,FallTime
0,1.0,0.45202007237683806
1,2.0,0.6240003680424722
2,5.0,1.017156378183203
3,10.0,1.4280210326264307
4,15.0,1.7443181633630123
5,20.0,2.0261882326985945
6,25.0,2.257737448389654
7,50.0,3.191480629726937
8,75.0,3.91027926485351
9,100.0,4.54080771765659
